,training_phase_1,0,0,0,materials/images/10.png,Beta,Alpha,False,14.19357179995859
,training_phase_1,0,0,1,materials/images/0.png,Alpha,Alpha,True,1.5314316999865696
,training_phase_1,0,0,2,materials/images/4.png,Alpha,Alpha,True,1.037142599991057
,training_phase_1,0,0,3,materials/images/3.png,Alpha,Beta,False,2.754144400008954
,training_phase_1,0,0,4,materials/images/5.png,Alpha,Alpha,True,1.317716899968218
,training_phase_1,0,0,5,materials/images/2.png,Alpha,Alpha,True,0.22204870003042743
,training_phase_1,0,0,6,materials/images/7.png,Beta,Beta,True,1.5411549999844283
,training_phase_1,0,0,7,materials/images/11.png,Beta,Alpha,False,1.869846099987626
,training_phase_1,0,0,8,materials/images/6.png,Alpha,Beta,False,0.906733300013002
,training_phase_1,0,0,9,materials/images/1.png,Alpha,Alpha,True,0.3771181999472901
,training_phase_1,0,0,10,materials/images/8.png,Beta,Alpha,False,3.1685405999887735
,training_phase_1,0,0,11,materials/images/9.png,Beta,Beta,True,6.245054099999834
,training_phase_1,0,1,12,materials/images/11.png,Beta,Beta,True,3.5328346000169404
,training_phase_1,0,1,13,materials/images/2.png,Alpha,Alpha,True,0.06556399998953566
,training_phase_1,0,1,14,materials/images/10.png,Beta,Beta,True,5.193888399982825
,training_phase_1,0,1,15,materials/images/9.png,Beta,Beta,True,0.4969005999737419
,training_phase_1,0,1,16,materials/images/0.png,Alpha,Alpha,True,1.6840487999725156
,training_phase_1,0,1,17,materials/images/5.png,Alpha,Alpha,True,1.1845618999795988
,training_phase_1,0,1,18,materials/images/4.png,Alpha,Alpha,True,1.4241698000114411
,training_phase_1,0,1,19,materials/images/1.png,Alpha,Alpha,True,0.31398429995169863
,training_phase_1,0,1,20,materials/images/7.png,Beta,Beta,True,0.662609799997881
,training_phase_1,0,1,21,materials/images/6.png,Alpha,Beta,False,0.8077598999952897
,training_phase_1,0,1,22,materials/images/3.png,Alpha,Alpha,True,2.4334092999924906
,training_phase_1,0,1,23,materials/images/8.png,Beta,Beta,True,1.6055348999798298
,training_phase_1,0,2,24,materials/images/10.png,Beta,Beta,True,1.7179043000214733
,training_phase_1,0,2,25,materials/images/8.png,Beta,Beta,True,2.464198799978476
,training_phase_1,0,2,26,materials/images/4.png,Alpha,Alpha,True,3.427486200002022
,training_phase_1,0,2,27,materials/images/3.png,Alpha,Alpha,True,0.12183259997982532
,training_phase_1,0,2,28,materials/images/1.png,Alpha,Alpha,True,0.011938999989069998
,training_phase_1,0,2,29,materials/images/7.png,Beta,Beta,True,2.875802599999588
,training_phase_1,0,2,30,materials/images/0.png,Alpha,Alpha,True,0.04330590000608936
,training_phase_1,0,2,31,materials/images/5.png,Alpha,Alpha,True,3.882095900014974
,training_phase_1,0,2,32,materials/images/9.png,Beta,Alpha,False,8.309472000051755
,training_phase_1,0,2,33,materials/images/11.png,Beta,Beta,True,7.6230357000022195
,training_phase_1,0,2,34,materials/images/6.png,Alpha,Beta,False,0.8364115000003949
,training_phase_1,0,2,35,materials/images/2.png,Alpha,Alpha,True,9.666284299979452
