,training_phase_1,1,0,0,materials/images/0.png,Alpha,Alpha,True,0.5672866000022623
,training_phase_1,1,0,1,materials/images/9.png,Beta,Alpha,False,0.8475322000012966
,training_phase_1,1,0,2,materials/images/3.png,Alpha,Alpha,True,0.011500399999931687
,training_phase_1,1,0,3,materials/images/2.png,Alpha,Alpha,True,0.0003301999968243763
,training_phase_1,1,0,4,materials/images/5.png,Alpha,Alpha,True,0.0002829000004567206
,training_phase_1,1,0,5,materials/images/4.png,Alpha,Alpha,True,0.0004270999997970648
,training_phase_1,1,0,6,materials/images/1.png,Alpha,Alpha,True,0.0002846000024874229
,training_phase_1,1,0,7,materials/images/10.png,Beta,Alpha,False,0.00040779999835649505
,training_phase_1,1,0,8,materials/images/8.png,Beta,Alpha,False,0.000305800000205636
,training_phase_1,1,0,9,materials/images/7.png,Beta,Alpha,False,0.00029799999902024865
,training_phase_1,1,0,10,materials/images/11.png,Beta,Alpha,False,0.00032900000223889947
,training_phase_1,1,0,11,materials/images/6.png,Beta,Alpha,False,0.0002840000015567057
,test_phase,1,0,0,materials/images/15.png,test,Alpha,gen,4.861696299998584
,test_phase,1,0,1,materials/images/14.png,test,Alpha,gen,2.3295830999995815
,test_phase,1,0,2,materials/images/15.png,test,Alpha,gen,0.558146499999566
,test_phase,1,0,3,materials/images/12.png,Alpha,Alpha,gen,0.0002769999991869554
,test_phase,1,0,4,materials/images/13.png,Beta,Alpha,gen,0.917485800000577
,training_phase_2,1,0,0,materials/images/17.png,Sigma,Sigma,True,0.4868112000003748
,training_phase_2,1,0,1,materials/images/21.png,Sigma,Alpha,False,1.790165700000216
,training_phase_2,1,0,2,materials/images/28.png,Delta,Sigma,False,0.2920979000009538
,training_phase_2,1,0,3,materials/images/0.png,Alpha,Alpha,True,2.9674068999993324
,training_phase_2,1,0,4,materials/images/25.png,Delta,Beta,False,0.8703664999993634
,training_phase_2,1,0,5,materials/images/22.png,Sigma,Alpha,False,0.8983670999987226
,training_phase_2,1,0,6,materials/images/4.png,Alpha,Alpha,True,0.8519964000006439
,training_phase_2,1,0,7,materials/images/19.png,Sigma,Sigma,True,3.627943300001789
,training_phase_2,1,0,8,materials/images/8.png,Beta,Delta,False,2.1390265000009094
,training_phase_2,1,0,9,materials/images/20.png,Sigma,Alpha,False,0.7170803000008164
,training_phase_2,1,0,10,materials/images/23.png,Delta,Sigma,False,0.36497659999804455
,training_phase_2,1,0,11,materials/images/1.png,Alpha,Alpha,True,0.3746839000014006
,training_phase_2,1,0,12,materials/images/3.png,Alpha,Sigma,False,0.8761539000006451
,training_phase_2,1,0,13,materials/images/6.png,Beta,Sigma,False,0.25694210000074236
,training_phase_2,1,0,14,materials/images/2.png,Alpha,Beta,False,1.1878651999977592
,training_phase_2,1,0,15,materials/images/26.png,Delta,Delta,True,0.9952118000001065
,training_phase_2,1,0,16,materials/images/18.png,Sigma,Sigma,True,0.223999099998764
,training_phase_2,1,0,17,materials/images/7.png,Beta,Beta,True,0.8790327999995498
,training_phase_2,1,0,18,materials/images/5.png,Alpha,Sigma,False,1.1265041999977257
,training_phase_2,1,0,19,materials/images/11.png,Beta,Sigma,False,0.2625810999998066
,training_phase_2,1,0,20,materials/images/10.png,Beta,Beta,True,1.8319226000021445
,training_phase_2,1,0,21,materials/images/24.png,Delta,Sigma,False,1.300092900000891
,training_phase_2,1,0,22,materials/images/27.png,Delta,Delta,True,1.3925754999982018
,training_phase_2,1,0,23,materials/images/9.png,Beta,Sigma,False,1.3297706999983347
