,training_phase_1,1,0,0,materials/images/0.png,Alpha,Alpha,True,3.2793153999373317
,training_phase_1,1,0,1,materials/images/7.png,Beta,Alpha,False,1.2253711000084877
,training_phase_1,1,0,2,materials/images/3.png,Alpha,Alpha,True,0.13734660018235445
,training_phase_1,1,0,3,materials/images/5.png,Alpha,Alpha,True,0.690421300008893
,training_phase_1,1,0,4,materials/images/9.png,Beta,Beta,True,1.2406472000293434
,training_phase_1,1,0,5,materials/images/2.png,Alpha,Alpha,True,0.10064090020023286
,training_phase_1,1,0,6,materials/images/4.png,Alpha,Beta,False,1.118278100155294
,training_phase_1,1,0,7,materials/images/6.png,Beta,Beta,True,0.5769278998486698
,training_phase_1,1,0,8,materials/images/10.png,Beta,Beta,True,1.0340120000764728
,training_phase_1,1,0,9,materials/images/1.png,Alpha,Alpha,True,0.44390049995854497
,training_phase_1,1,0,10,materials/images/8.png,Beta,Beta,True,1.3026056999806315
,training_phase_1,1,0,11,materials/images/11.png,Beta,Beta,True,1.1871062000282109
