,training_phase_1,1,0,0,materials/images/5.png,Alpha,Alpha,True,2.6015240000015183
,training_phase_1,1,0,1,materials/images/1.png,Alpha,Alpha,True,0.00028980000206502154
,training_phase_1,1,0,2,materials/images/7.png,Beta,Alpha,False,0.0002986999970744364
,training_phase_1,1,0,3,materials/images/11.png,Beta,Alpha,False,0.00029739999808953144
,training_phase_1,1,0,4,materials/images/4.png,Alpha,Alpha,True,0.0004048999981023371
,training_phase_1,1,0,5,materials/images/8.png,Beta,Alpha,False,0.0002994999995280523
,training_phase_1,1,0,6,materials/images/0.png,Alpha,Alpha,True,0.00029279999944265
,training_phase_1,1,0,7,materials/images/9.png,Beta,Alpha,False,0.00041280000004917383
,training_phase_1,1,0,8,materials/images/10.png,Beta,Alpha,False,0.0004334999975981191
,training_phase_1,1,0,9,materials/images/6.png,Beta,Alpha,False,0.17532610000125715
,training_phase_1,1,0,10,materials/images/2.png,Alpha,Alpha,True,0.00029319999885046855
,training_phase_1,1,0,11,materials/images/3.png,Alpha,Alpha,True,0.0002873999983421527
,test_phase,1,0,0,materials/images/14.png,test,Alpha,gen,0.0003120000001217704
,test_phase,1,0,1,materials/images/15.png,test,Alpha,gen,0.2884700000031444
,test_phase,1,0,2,materials/images/13.png,Beta,Alpha,gen,0.781104099998629
,test_phase,1,0,3,materials/images/15.png,test,Alpha,gen,1.2233169999999518
,test_phase,1,0,4,materials/images/12.png,Alpha,Alpha,gen,0.4169188000014401
