debug,training_phase_1,0,0,0,materials/stimuli/stim2.png,Beta,Alpha,False,0.001072058000090692
debug,training_phase_1,0,0,1,materials/stimuli/stim1.png,Alpha,Alpha,True,0.13622424499999397
debug,training_phase_1,0,1,2,materials/stimuli/stim2.png,Beta,Alpha,False,0.03684837700006938
debug,training_phase_1,0,1,3,materials/stimuli/stim1.png,Alpha,Alpha,True,0.06949581200001376
debug,training_phase_1,0,2,4,materials/stimuli/stim1.png,Alpha,Alpha,True,0.028263482999818734
debug,training_phase_1,0,2,5,materials/stimuli/stim2.png,Beta,Alpha,False,0.0010210970001480746
debug,test_phase,0,0,0,materials/stimuli/stim2.png,Beta,Beta,gen,1.4540129909998996
debug,test_phase,0,0,1,materials/stimuli/stim3.png,test,Beta,gen,0.7276101369998287
debug,test_phase,0,0,2,materials/stimuli/stim1.png,Alpha,Beta,gen,0.0015157620000536554
