debug,training_phase_1,1,0,0,materials/stimuli/stim1.png,A,B,False,0.6173452649999831
debug,training_phase_1,1,0,1,materials/stimuli/stim2.png,B,A,False,0.8254582409999784
debug,training_phase_1,1,1,2,materials/stimuli/stim1.png,A,B,False,0.0010329840000053991
debug,training_phase_1,1,1,3,materials/stimuli/stim2.png,B,A,False,0.04513969599997836
debug,training_phase_1,1,2,4,materials/stimuli/stim2.png,B,A,False,0.2927729220000401
debug,training_phase_1,1,2,5,materials/stimuli/stim1.png,A,B,False,0.03369987499996796
debug,test_phase,1,0,0,materials/stimuli/stim3.png,test,test,gen,1.4421735650000187
debug,test_phase,1,0,1,materials/stimuli/stim2.png,B,test,gen,0.0015822940000020935
debug,test_phase,1,0,2,materials/stimuli/stim1.png,A,B,gen,0.0015975800000092022
