1,training_phase_1,1,0,0,materials/images/10.png,Beta,Alpha,False,2.189073400106281
1,training_phase_1,1,0,1,materials/images/8.png,Beta,Alpha,False,1.4840305999387056
1,training_phase_1,1,0,2,materials/images/9.png,Beta,Beta,True,0.37820120016112924
1,training_phase_1,1,0,3,materials/images/2.png,Alpha,Alpha,True,0.9284801001194865
1,training_phase_1,1,0,4,materials/images/1.png,Alpha,Beta,False,0.6651477999985218
1,training_phase_1,1,0,5,materials/images/4.png,Alpha,Alpha,True,0.5974912999663502
1,training_phase_1,1,0,6,materials/images/0.png,Alpha,Beta,False,1.0066152000799775
1,training_phase_1,1,0,7,materials/images/3.png,Alpha,Alpha,True,2.74316900013946
1,training_phase_1,1,0,8,materials/images/6.png,Beta,Beta,True,0.4616286000236869
1,training_phase_1,1,0,9,materials/images/7.png,Beta,Alpha,False,0.8244308000430465
1,training_phase_1,1,0,10,materials/images/5.png,Alpha,Beta,False,1.2997937998734415
1,training_phase_1,1,0,11,materials/images/11.png,Beta,Alpha,False,0.3539156001061201
1,training_phase_1,1,1,12,materials/images/4.png,Alpha,Alpha,True,1.0266491998918355
1,training_phase_1,1,1,13,materials/images/10.png,Beta,Alpha,False,1.4756043998058885
1,training_phase_1,1,1,14,materials/images/0.png,Alpha,Alpha,True,0.18860820005647838
1,training_phase_1,1,1,15,materials/images/6.png,Beta,Beta,True,0.00040229992009699345
1,training_phase_1,1,1,16,materials/images/9.png,Beta,Alpha,False,0.11969169997610152
1,training_phase_1,1,1,17,materials/images/1.png,Alpha,Alpha,True,1.7876639000605792
1,training_phase_1,1,1,18,materials/images/5.png,Alpha,Beta,False,0.6018103999085724
1,training_phase_1,1,1,19,materials/images/11.png,Beta,Alpha,False,0.039998300140723586
1,training_phase_1,1,1,20,materials/images/8.png,Beta,Beta,True,1.5592561999801546
1,training_phase_1,1,1,21,materials/images/3.png,Alpha,Alpha,True,2.988251799950376
1,training_phase_1,1,1,22,materials/images/7.png,Beta,Beta,True,0.4752030000090599
1,training_phase_1,1,1,23,materials/images/2.png,Alpha,Alpha,True,0.6543798998463899
1,training_phase_1,1,2,24,materials/images/6.png,Beta,Beta,True,0.0004159999080002308
1,training_phase_1,1,2,25,materials/images/4.png,Alpha,Alpha,True,0.08389320014975965
1,training_phase_1,1,2,26,materials/images/8.png,Beta,Beta,True,0.4397177000064403
1,training_phase_1,1,2,27,materials/images/5.png,Alpha,Alpha,True,2.698058499954641
1,training_phase_1,1,2,28,materials/images/10.png,Beta,Beta,True,0.47794830007478595
1,training_phase_1,1,2,29,materials/images/7.png,Beta,Alpha,False,0.6233743000775576
1,training_phase_1,1,2,30,materials/images/9.png,Beta,Alpha,False,0.7111998000182211
1,training_phase_1,1,2,31,materials/images/1.png,Alpha,Beta,False,2.3930352001916617
1,training_phase_1,1,2,32,materials/images/11.png,Beta,Alpha,False,2.0721965001430362
1,training_phase_1,1,2,33,materials/images/3.png,Alpha,Alpha,True,1.115605300059542
1,training_phase_1,1,2,34,materials/images/2.png,Alpha,Alpha,True,0.2921496999915689
1,training_phase_1,1,2,35,materials/images/0.png,Alpha,Alpha,True,0.01611720002256334
1,training_phase_1,1,3,36,materials/images/1.png,Alpha,Alpha,True,0.04913249984383583
1,training_phase_1,1,3,37,materials/images/7.png,Beta,Alpha,False,0.0003969001118093729
1,training_phase_1,1,3,38,materials/images/9.png,Beta,Beta,True,0.23968100012280047
1,training_phase_1,1,3,39,materials/images/10.png,Beta,Beta,True,0.11953569995239377
1,training_phase_1,1,3,40,materials/images/8.png,Beta,Alpha,False,0.5571666001342237
1,training_phase_1,1,3,41,materials/images/6.png,Beta,Alpha,False,0.0002845998387783766
1,training_phase_1,1,3,42,materials/images/0.png,Alpha,Alpha,True,0.13712180010043085
1,training_phase_1,1,3,43,materials/images/3.png,Alpha,Beta,False,0.3763593998737633
1,training_phase_1,1,3,44,materials/images/4.png,Alpha,Alpha,True,3.140400799922645
1,training_phase_1,1,3,45,materials/images/5.png,Alpha,Beta,False,0.7847265999298543
1,training_phase_1,1,3,46,materials/images/11.png,Beta,Beta,True,0.05115009984001517
1,training_phase_1,1,3,47,materials/images/2.png,Alpha,Alpha,True,0.4950664001516998
1,training_phase_1,1,4,48,materials/images/0.png,Alpha,Alpha,True,0.04433730011805892
1,training_phase_1,1,4,49,materials/images/11.png,Beta,Beta,True,0.00040449993684887886
1,training_phase_1,1,4,50,materials/images/4.png,Alpha,Alpha,True,0.6572684999555349
1,training_phase_1,1,4,51,materials/images/7.png,Beta,Alpha,False,0.0003504001069813967
1,training_phase_1,1,4,52,materials/images/8.png,Beta,Beta,True,6.908614999847487
1,training_phase_1,1,4,53,materials/images/10.png,Beta,Beta,True,0.39775889995507896
1,training_phase_1,1,4,54,materials/images/9.png,Beta,Beta,True,0.0004092000890523195
1,training_phase_1,1,4,55,materials/images/5.png,Alpha,Beta,False,0.12257380015216768
1,training_phase_1,1,4,56,materials/images/6.png,Beta,Alpha,False,0.00028820009902119637
1,training_phase_1,1,4,57,materials/images/1.png,Alpha,Alpha,True,0.22822669986635447
1,training_phase_1,1,4,58,materials/images/2.png,Alpha,Alpha,True,0.08407839993014932
1,training_phase_1,1,4,59,materials/images/3.png,Alpha,Beta,False,0.6792551998514682
