,training_phase_1,2,0,0,materials/images/2.png,Alpha,Alpha,True,2.158017199999449
,training_phase_1,2,0,1,materials/images/5.png,Alpha,Beta,False,0.5677802000000156
,training_phase_1,2,0,2,materials/images/10.png,Beta,Alpha,False,0.3539786000001186
,training_phase_1,2,0,3,materials/images/7.png,Beta,Beta,True,3.121151700000155
,training_phase_1,2,0,4,materials/images/8.png,Beta,Alpha,False,0.22722479999993084
,training_phase_1,2,0,5,materials/images/11.png,Beta,Beta,True,0.6425450000006094
,training_phase_1,2,0,6,materials/images/4.png,Alpha,Beta,False,0.23394399999961024
,training_phase_1,2,0,7,materials/images/3.png,Alpha,Beta,False,0.00044129999969300115
,training_phase_1,2,0,8,materials/images/9.png,Beta,Beta,True,0.3600035999997999
,training_phase_1,2,0,9,materials/images/6.png,Beta,Beta,True,0.00039760000072419643
,training_phase_1,2,0,10,materials/images/1.png,Alpha,Beta,False,0.2985289999996894
,training_phase_1,2,0,11,materials/images/0.png,Alpha,Beta,False,0.3627071999999316
,test_phase,2,0,0,materials/images/6.png,Beta,Alpha,gen,0.855851100000109
,test_phase,2,0,1,materials/images/3.png,Alpha,Alpha,gen,2.1579124999998385
,test_phase,2,0,2,materials/images/13.png,test,Alpha,gen,0.3138715000004595
,test_phase,2,0,3,materials/images/7.png,Beta,Beta,gen,0.2599393999998938
,test_phase,2,0,4,materials/images/8.png,Beta,Beta,gen,0.0003937999999834574
,test_phase,2,0,5,materials/images/5.png,Alpha,Beta,gen,0.35832750000008673
,test_phase,2,0,6,materials/images/0.png,Alpha,Beta,gen,0.7040202999996836
,test_phase,2,0,7,materials/images/11.png,Beta,Beta,gen,1.7236179999999877
,test_phase,2,0,8,materials/images/4.png,Alpha,Beta,gen,0.3900261999997383
,test_phase,2,0,9,materials/images/14.png,test,Beta,gen,0.20839889999933803
,test_phase,2,0,10,materials/images/2.png,Alpha,Beta,gen,0.19509969999944587
,test_phase,2,0,11,materials/images/15.png,test,Beta,gen,0.24520469999970373
,test_phase,2,0,12,materials/images/12.png,test,Beta,gen,0.5006422000005841
,test_phase,2,0,13,materials/images/1.png,Alpha,Beta,gen,0.19209890000001906
,test_phase,2,0,14,materials/images/9.png,Beta,Beta,gen,0.000420000000303844
,test_phase,2,0,15,materials/images/10.png,Beta,Beta,gen,0.0004011999999420368
,training_phase_2,2,0,0,materials/images/26.png,Delta,Alpha,False,2.1489956000004895
,training_phase_2,2,0,1,materials/images/27.png,Delta,Sigma,False,0.8081894000006287
,training_phase_2,2,0,2,materials/images/24.png,Delta,Sigma,False,1.614082099999905
,training_phase_2,2,0,3,materials/images/7.png,Beta,Sigma,False,1.2180811999996877
,training_phase_2,2,0,4,materials/images/0.png,Alpha,Alpha,True,0.787924700000076
,training_phase_2,2,0,5,materials/images/20.png,Sigma,Alpha,False,0.8998910000000251
,training_phase_2,2,0,6,materials/images/3.png,Alpha,Alpha,True,1.1869022000000768
,training_phase_2,2,0,7,materials/images/11.png,Beta,Beta,True,3.465537900000527
,training_phase_2,2,0,8,materials/images/28.png,Delta,Delta,True,2.3496017999996184
,training_phase_2,2,0,9,materials/images/23.png,Delta,Delta,True,2.6178874000006545
,training_phase_2,2,0,10,materials/images/19.png,Sigma,Beta,False,2.347276899999997
,training_phase_2,2,0,11,materials/images/8.png,Beta,Sigma,False,1.5574177999997119
,training_phase_2,2,0,12,materials/images/18.png,Sigma,Sigma,True,1.0307290000000648
,training_phase_2,2,0,13,materials/images/22.png,Sigma,Beta,False,2.952797500000088
,training_phase_2,2,0,14,materials/images/6.png,Beta,Delta,False,2.322670799999287
,training_phase_2,2,0,15,materials/images/1.png,Alpha,Alpha,True,0.12428670000008424
,training_phase_2,2,0,16,materials/images/2.png,Alpha,Alpha,True,0.5107770000004166
,training_phase_2,2,0,17,materials/images/4.png,Alpha,Alpha,True,0.5713176999997813
,training_phase_2,2,0,18,materials/images/10.png,Beta,Sigma,False,0.37011099999926955
,training_phase_2,2,0,19,materials/images/25.png,Delta,Sigma,False,0.00039900000047055073
,training_phase_2,2,0,20,materials/images/17.png,Sigma,Sigma,True,0.0004025999996883911
,training_phase_2,2,0,21,materials/images/5.png,Alpha,Sigma,False,0.0006414999998014537
,training_phase_2,2,0,22,materials/images/9.png,Beta,Sigma,False,0.0004086999997525709
,training_phase_2,2,0,23,materials/images/21.png,Sigma,Sigma,True,0.00045279999994818354
