,training_phase_1,1,0,0,materials/images/3.png,Alpha,Alpha,True,0.10825369996018708
,training_phase_1,1,0,1,materials/images/9.png,Beta,Alpha,False,0.2021202000323683
,training_phase_1,1,0,2,materials/images/4.png,Alpha,Alpha,True,0.10408680001273751
,training_phase_1,1,0,3,materials/images/0.png,Alpha,Alpha,True,0.13482200005091727
,training_phase_1,1,0,4,materials/images/5.png,Alpha,Alpha,True,0.0004463000223040581
,training_phase_1,1,0,5,materials/images/10.png,Beta,Alpha,False,0.39828470000065863
