,training_phase_1,2,0,0,materials/images/2.png,Alpha,Alpha,True,4.002252399999634
,training_phase_1,2,0,1,materials/images/1.png,Alpha,Alpha,True,1.9063921999995728
,training_phase_1,2,0,2,materials/images/5.png,Alpha,Beta,False,2.4259796000005736
,training_phase_1,2,0,3,materials/images/3.png,Alpha,Beta,False,0.0006720000001223525
,training_phase_1,2,0,4,materials/images/9.png,Beta,Beta,True,0.000409600000239152
,training_phase_1,2,0,5,materials/images/8.png,Beta,Beta,True,0.0003839999999399879
,training_phase_1,2,0,6,materials/images/6.png,Beta,Beta,True,0.00039090000063879415
,training_phase_1,2,0,7,materials/images/0.png,Alpha,Beta,False,0.0003920999997717445
,training_phase_1,2,0,8,materials/images/11.png,Beta,Beta,True,0.0006114999996498227
,training_phase_1,2,0,9,materials/images/7.png,Beta,Beta,True,0.0004000999997515464
,training_phase_1,2,0,10,materials/images/4.png,Alpha,Beta,False,0.00040579999949841294
,training_phase_1,2,0,11,materials/images/10.png,Beta,Beta,True,0.000404299999900104
