,training_phase_1,2,0,0,materials/images/11.png,Beta,Beta,True,11.096673500000179
,training_phase_1,2,0,1,materials/images/0.png,Alpha,Alpha,True,0.5347260999997161
,training_phase_1,2,0,2,materials/images/4.png,Alpha,Alpha,True,0.45650389999991603
,training_phase_1,2,0,3,materials/images/9.png,Beta,Alpha,False,0.0005269000002954272
,training_phase_1,2,0,4,materials/images/8.png,Beta,Beta,True,0.23191829999996116
,training_phase_1,2,0,5,materials/images/3.png,Alpha,Beta,False,0.15000589999999647
,training_phase_1,2,0,6,materials/images/2.png,Alpha,Beta,False,0.00044179999986226903
,training_phase_1,2,0,7,materials/images/7.png,Beta,Beta,True,0.0003982999996878789
,training_phase_1,2,0,8,materials/images/5.png,Alpha,Beta,False,0.00042630000007193303
,training_phase_1,2,0,9,materials/images/1.png,Alpha,Beta,False,0.000403099999857659
,training_phase_1,2,0,10,materials/images/6.png,Beta,Beta,True,0.00039509999987785704
,training_phase_1,2,0,11,materials/images/10.png,Beta,Beta,True,0.0005931999994572834
,test_phase,2,0,0,materials/images/2.png,Alpha,Alpha,gen,0.3458037999998851
,test_phase,2,0,1,materials/images/11.png,Beta,Alpha,gen,0.0002868999999918742
,test_phase,2,0,2,materials/images/10.png,Beta,Alpha,gen,0.00043619999996735714
