,training_phase_1,2,0,0,materials/images/1.png,Alpha,Alpha,True,1.0168306999985361
,training_phase_1,2,0,1,materials/images/8.png,Beta,Beta,True,3.79882440000074
,training_phase_1,2,0,2,materials/images/3.png,Alpha,Alpha,True,0.23638879999998608
,training_phase_1,2,0,3,materials/images/10.png,Beta,Beta,True,2.0769837999978336
,training_phase_1,2,0,4,materials/images/9.png,Beta,Beta,True,2.2527230999985477
,training_phase_1,2,0,5,materials/images/0.png,Alpha,Alpha,True,0.00039489999835495837
,training_phase_1,2,0,6,materials/images/11.png,Beta,Beta,True,0.22445479999805684
,training_phase_1,2,0,7,materials/images/4.png,Alpha,Alpha,True,2.053128600000491
,training_phase_1,2,0,8,materials/images/6.png,Alpha,Alpha,True,2.1698254000002635
,training_phase_1,2,0,9,materials/images/7.png,Beta,Alpha,False,1.0160455000004731
,training_phase_1,2,0,10,materials/images/2.png,Alpha,Alpha,True,0.9686681999992288
,training_phase_1,2,0,11,materials/images/5.png,Alpha,Beta,False,1.3868265000019164
,test_phase,2,0,0,materials/images/14.png,test,Beta,gen,1.6922832999989623
,test_phase,2,0,1,materials/images/12.png,Alpha,Beta,gen,5.028981399998884
