,training_phase_1,0,0,0,materials/images/0.png,Alpha,Alpha,True,2.571861899981741
,training_phase_1,0,0,1,materials/images/1.png,Alpha,Alpha,True,0.1924190999707207
,training_phase_1,0,0,2,materials/images/9.png,Beta,Beta,True,0.5681709000491537
,training_phase_1,0,0,3,materials/images/3.png,Alpha,Beta,False,31.445605399960186
,training_phase_1,0,0,4,materials/images/4.png,Alpha,Alpha,True,0.6109713999903761
,training_phase_1,0,0,5,materials/images/6.png,Alpha,Beta,False,0.43143769999733195
,training_phase_1,0,0,6,materials/images/2.png,Alpha,Alpha,True,0.00023389997659251094
