,training_phase_1,1,0,0,materials/images/8.png,Beta,Beta,True,0.26665349999893806
,training_phase_1,1,0,1,materials/images/6.png,Beta,Beta,True,0.8137672000011662
,training_phase_1,1,0,2,materials/images/7.png,Beta,Beta,True,0.45061189999978524
,training_phase_1,1,0,3,materials/images/10.png,Beta,Beta,True,0.15675539999938337
,training_phase_1,1,0,4,materials/images/4.png,Alpha,Beta,False,0.23909760000242386
,training_phase_1,1,0,5,materials/images/3.png,Alpha,Beta,False,0.5530619000019215
,training_phase_1,1,0,6,materials/images/9.png,Beta,Beta,True,0.00030029999834368937
,training_phase_1,1,0,7,materials/images/5.png,Alpha,Beta,False,0.0002969999986817129
,training_phase_1,1,0,8,materials/images/11.png,Beta,Beta,True,0.00028620000011869706
,training_phase_1,1,0,9,materials/images/1.png,Alpha,Beta,False,0.00028499999825726263
,training_phase_1,1,0,10,materials/images/2.png,Alpha,Beta,False,0.00029279999944265
,training_phase_1,1,0,11,materials/images/0.png,Alpha,Beta,False,0.00028620000011869706
,test_phase,1,0,0,materials/images/15.png,test,Alpha,gen,0.07728940000015427
,test_phase,1,0,1,materials/images/13.png,Beta,Alpha,gen,0.000307099999190541
,test_phase,1,0,2,materials/images/12.png,Alpha,Alpha,gen,0.5872315000015078
,test_phase,1,0,3,materials/images/14.png,test,Alpha,gen,0.00030020000122021884
,test_phase,1,0,4,materials/images/15.png,test,Alpha,gen,0.046721399998205015
