,training_phase_1,2,0,0,materials/images/4.png,Alpha,Beta,False,2.0663470999998026
,training_phase_1,2,0,1,materials/images/5.png,Alpha,Beta,False,0.021542299999964598
,training_phase_1,2,0,2,materials/images/1.png,Alpha,Beta,False,0.00031120000039663864
,training_phase_1,2,0,3,materials/images/11.png,Beta,Beta,True,0.05256989999998041
,training_phase_1,2,0,4,materials/images/8.png,Beta,Beta,True,0.018273600000611623
,training_phase_1,2,0,5,materials/images/7.png,Beta,Beta,True,0.00031429999944521114
,training_phase_1,2,0,6,materials/images/9.png,Beta,Beta,True,0.00030789999982516747
,training_phase_1,2,0,7,materials/images/3.png,Alpha,Beta,False,0.07909800000015821
,training_phase_1,2,0,8,materials/images/10.png,Beta,Beta,True,0.07760589999998047
,training_phase_1,2,0,9,materials/images/6.png,Beta,Beta,True,0.03917929999988701
,training_phase_1,2,0,10,materials/images/2.png,Alpha,Beta,False,0.00030450000031123636
,training_phase_1,2,0,11,materials/images/0.png,Alpha,Beta,False,0.0002795000000332948
,test_phase,2,0,0,materials/images/6.png,Beta,Beta,gen,0.6099148999992394
,test_phase,2,0,1,materials/images/15.png,test,Beta,gen,0.0583437999994203
,test_phase,2,0,2,materials/images/9.png,Beta,Beta,gen,0.09307110000008834
