,training_phase_1,2,0,0,materials/images/6.png,Beta,Alpha,False,1.9950586000004478
,training_phase_1,2,0,1,materials/images/8.png,Beta,Beta,True,0.2215539999997418
,training_phase_1,2,0,2,materials/images/4.png,Alpha,Alpha,True,0.3278213000003234
,training_phase_1,2,0,3,materials/images/9.png,Beta,Beta,True,2.117014399999789
,training_phase_1,2,0,4,materials/images/5.png,Alpha,Beta,False,0.00039769999966665637
,training_phase_1,2,0,5,materials/images/3.png,Alpha,Beta,False,0.0004158000001552864
,training_phase_1,2,0,6,materials/images/7.png,Beta,Beta,True,0.0003862000003209687
,training_phase_1,2,0,7,materials/images/1.png,Alpha,Beta,False,0.0003994999997303239
,training_phase_1,2,0,8,materials/images/11.png,Beta,Beta,True,0.00041420000070502283
,training_phase_1,2,0,9,materials/images/10.png,Beta,Beta,True,0.0004060000001118169
,training_phase_1,2,0,10,materials/images/0.png,Alpha,Beta,False,0.000418599999647995
,training_phase_1,2,0,11,materials/images/2.png,Alpha,Beta,False,0.000613100000009581
,test_phase,2,0,0,materials/images/4.png,Alpha,Beta,gen,0.84289119999994
,test_phase,2,0,1,materials/images/3.png,Alpha,Beta,gen,0.16280140000071697
,test_phase,2,0,2,materials/images/13.png,test,Beta,gen,2.2323857999999746
,test_phase,2,0,3,materials/images/0.png,Alpha,Alpha,gen,0.00030670000069221715
,test_phase,2,0,4,materials/images/5.png,Alpha,Alpha,gen,0.0002855000002455199
,test_phase,2,0,5,materials/images/7.png,Beta,Alpha,gen,0.0004394000006868737
,test_phase,2,0,6,materials/images/12.png,test,Alpha,gen,0.21200320000025386
,test_phase,2,0,7,materials/images/15.png,test,Alpha,gen,0.0002963999995699851
,test_phase,2,0,8,materials/images/14.png,test,Alpha,gen,0.00032639999972161604
,test_phase,2,0,9,materials/images/6.png,Beta,Alpha,gen,0.0004090000002179295
,test_phase,2,0,10,materials/images/9.png,Beta,Alpha,gen,0.0003032000004168367
,test_phase,2,0,11,materials/images/1.png,Alpha,Alpha,gen,0.00029489999997167615
,test_phase,2,0,12,materials/images/2.png,Alpha,Alpha,gen,0.0003082000002905261
,test_phase,2,0,13,materials/images/8.png,Beta,Alpha,gen,0.0003329999999550637
,test_phase,2,0,14,materials/images/10.png,Beta,Alpha,gen,0.0003011999997397652
,test_phase,2,0,15,materials/images/11.png,Beta,Alpha,gen,0.00030810000043857144
,training_phase_2,2,0,0,materials/images/1.png,Alpha,Sigma,False,1.4711628000004566
,training_phase_2,2,0,1,materials/images/3.png,Alpha,Delta,False,0.19026650000068912
,training_phase_2,2,0,2,materials/images/8.png,Beta,Delta,False,1.197235399999954
,training_phase_2,2,0,3,materials/images/6.png,Beta,Delta,False,0.5207436999999118
,training_phase_2,2,0,4,materials/images/28.png,Delta,Delta,True,0.8422574000005625
,training_phase_2,2,0,5,materials/images/10.png,Beta,Sigma,False,0.8670513000006395
,training_phase_2,2,0,6,materials/images/9.png,Beta,Sigma,False,0.0004020000005766633
,training_phase_2,2,0,7,materials/images/22.png,Sigma,Sigma,True,0.00038780000068072695
,training_phase_2,2,0,8,materials/images/20.png,Sigma,Sigma,True,0.00042829999983950984
,training_phase_2,2,0,9,materials/images/18.png,Sigma,Sigma,True,0.00039879999985714676
,training_phase_2,2,0,10,materials/images/5.png,Alpha,Sigma,False,0.00039480000032199314
,training_phase_2,2,0,11,materials/images/25.png,Delta,Sigma,False,0.00041569999939383706
,training_phase_2,2,0,12,materials/images/21.png,Sigma,Sigma,True,0.00040500000068277586
,training_phase_2,2,0,13,materials/images/24.png,Delta,Sigma,False,0.0003880000003846362
,training_phase_2,2,0,14,materials/images/7.png,Beta,Sigma,False,0.0006345000001601875
,training_phase_2,2,0,15,materials/images/17.png,Sigma,Sigma,True,0.00039450000076612923
,training_phase_2,2,0,16,materials/images/26.png,Delta,Sigma,False,0.00040069999977276893
,training_phase_2,2,0,17,materials/images/19.png,Sigma,Sigma,True,0.0004068000007464434
,training_phase_2,2,0,18,materials/images/0.png,Alpha,Sigma,False,0.0004208999998809304
,training_phase_2,2,0,19,materials/images/2.png,Alpha,Sigma,False,0.000403099999857659
,training_phase_2,2,0,20,materials/images/23.png,Delta,Sigma,False,0.00040270000044984045
,training_phase_2,2,0,21,materials/images/4.png,Alpha,Sigma,False,0.00041280000004917383
,training_phase_2,2,0,22,materials/images/27.png,Delta,Sigma,False,0.00041280000004917383
,training_phase_2,2,0,23,materials/images/11.png,Beta,Sigma,False,0.00041030000011232914
