,training_phase_1,1,0,0,materials/images/11.png,Beta,Beta,True,0.56186069999967
,training_phase_1,1,0,1,materials/images/7.png,Beta,Alpha,False,0.9597444000000905
,training_phase_1,1,0,2,materials/images/8.png,Beta,Alpha,False,0.5917443999996976
,training_phase_1,1,0,3,materials/images/6.png,Beta,Alpha,False,0.3800264999999854
,training_phase_1,1,0,4,materials/images/2.png,Alpha,Alpha,True,0.0650417999995625
,training_phase_1,1,0,5,materials/images/5.png,Alpha,Alpha,True,0.012669099999584432
,training_phase_1,1,0,6,materials/images/4.png,Alpha,Alpha,True,2.3788399999994
,training_phase_1,1,0,7,materials/images/0.png,Alpha,Beta,False,1.5535082999995211
,training_phase_1,1,0,8,materials/images/9.png,Beta,Alpha,False,0.6242282000002888
,training_phase_1,1,0,9,materials/images/3.png,Alpha,Alpha,True,0.00019010000050911913
,training_phase_1,1,0,10,materials/images/10.png,Beta,Alpha,False,0.2611135999995895
,training_phase_1,1,0,11,materials/images/1.png,Alpha,Alpha,True,0.007298000000446336
,test_phase,1,0,0,materials/images/13.png,test,Beta,gen,0.2760134999998627
,test_phase,1,0,1,materials/images/14.png,test,Beta,gen,0.12664089999998396
,test_phase,1,0,2,materials/images/1.png,Alpha,Beta,gen,0.0026711999998951796
,test_phase,1,0,3,materials/images/10.png,Beta,Beta,gen,0.3340772999999899
,test_phase,1,0,4,materials/images/15.png,test,Beta,gen,0.22427130000050965
,test_phase,1,0,5,materials/images/8.png,Beta,Beta,gen,0.00047790000007807976
,test_phase,1,0,6,materials/images/6.png,Beta,Beta,gen,0.0002949999998236308
,test_phase,1,0,7,materials/images/11.png,Beta,Beta,gen,0.005245000000286382
,test_phase,1,0,8,materials/images/2.png,Alpha,Beta,gen,0.021152899999833608
,test_phase,1,0,9,materials/images/12.png,test,Beta,gen,0.00029630000062752515
,test_phase,1,0,10,materials/images/9.png,Beta,Beta,gen,0.0003839999999399879
,test_phase,1,0,11,materials/images/4.png,Alpha,Beta,gen,0.13103809999938676
,test_phase,1,0,12,materials/images/15.png,test,Beta,gen,0.0002795000000332948
,test_phase,1,0,13,materials/images/0.png,Alpha,Beta,gen,0.0002905999999711639
,test_phase,1,0,14,materials/images/5.png,Alpha,Beta,gen,1.5962502000002132
,test_phase,1,0,15,materials/images/7.png,Beta,Beta,gen,0.17215519999990647
,test_phase,1,0,16,materials/images/3.png,Alpha,Beta,gen,0.000299500000437547
,training_phase_2,1,0,0,materials/images/9.png,Beta,Alpha,False,5.814746100000775
,training_phase_2,1,0,1,materials/images/27.png,Delta,Beta,False,0.6537879999996221
,training_phase_2,1,0,2,materials/images/20.png,Sigma,Delta,False,0.15014930000052118
,training_phase_2,1,0,3,materials/images/21.png,Sigma,Sigma,True,0.18857049999951414
,training_phase_2,1,0,4,materials/images/2.png,Alpha,Delta,False,0.19414969999979803
,training_phase_2,1,0,5,materials/images/22.png,Sigma,Delta,False,0.00036130000080447644
,training_phase_2,1,0,6,materials/images/10.png,Beta,Delta,False,0.0670841000001019
,training_phase_2,1,0,7,materials/images/6.png,Beta,Delta,False,0.09017870000025141
,training_phase_2,1,0,8,materials/images/11.png,Beta,Delta,False,0.0700420999992275
,training_phase_2,1,0,9,materials/images/26.png,Delta,Delta,True,0.0004690000005211914
,training_phase_2,1,0,10,materials/images/4.png,Alpha,Delta,False,0.07120320000012725
,training_phase_2,1,0,11,materials/images/8.png,Beta,Delta,False,0.00030390000029001385
