,training_phase_1,2,0,0,materials/images/3.png,Alpha,Beta,False,36.09744799999953
,training_phase_1,2,0,1,materials/images/4.png,Alpha,Alpha,True,0.3638416000003417
,training_phase_1,2,0,2,materials/images/9.png,Beta,Alpha,False,0.6013001000001168
,training_phase_1,2,0,3,materials/images/6.png,Beta,Alpha,False,0.39980110000033164
,training_phase_1,2,0,4,materials/images/10.png,Beta,Alpha,False,0.08114910000040254
,training_phase_1,2,0,5,materials/images/7.png,Beta,Alpha,False,0.0002896999994845828
,training_phase_1,2,0,6,materials/images/11.png,Beta,Alpha,False,0.8097617000003083
,training_phase_1,2,0,7,materials/images/8.png,Beta,Alpha,False,0.00031600000056641875
,training_phase_1,2,0,8,materials/images/1.png,Alpha,Alpha,True,0.715585099999771
,training_phase_1,2,0,9,materials/images/0.png,Alpha,Alpha,True,1.6077542000002722
,training_phase_1,2,0,10,materials/images/5.png,Alpha,Alpha,True,0.44957830000021204
,training_phase_1,2,0,11,materials/images/2.png,Alpha,Alpha,True,0.6880393000001277
,test_phase,2,0,0,materials/images/7.png,Beta,Alpha,gen,0.2858106999992742
,test_phase,2,0,1,materials/images/3.png,Alpha,Alpha,gen,0.0002827000007528113
,test_phase,2,0,2,materials/images/4.png,Alpha,Alpha,gen,0.00043929999992542434
,test_phase,2,0,3,materials/images/13.png,test,Alpha,gen,0.0002984000002470566
,test_phase,2,0,4,materials/images/8.png,Beta,Alpha,gen,0.00028360000032989774
,test_phase,2,0,5,materials/images/14.png,test,Alpha,gen,0.0003145000000586151
,test_phase,2,0,6,materials/images/15.png,test,Alpha,gen,0.0004213999991407036
,test_phase,2,0,7,materials/images/1.png,Alpha,Alpha,gen,0.00028870000005554175
,test_phase,2,0,8,materials/images/2.png,Alpha,Alpha,gen,0.0002870999996957835
,test_phase,2,0,9,materials/images/9.png,Beta,Alpha,gen,0.0002871999995477381
,test_phase,2,0,10,materials/images/0.png,Alpha,Alpha,gen,0.00028949999978067353
,test_phase,2,0,11,materials/images/11.png,Beta,Alpha,gen,0.00030249999963416485
,test_phase,2,0,12,materials/images/5.png,Alpha,Alpha,gen,0.00031010000020614825
,test_phase,2,0,13,materials/images/12.png,test,Alpha,gen,0.00030160000005707843
,test_phase,2,0,14,materials/images/10.png,Beta,Alpha,gen,0.0002941999991890043
,test_phase,2,0,15,materials/images/6.png,Beta,Alpha,gen,0.0003009000001839013
,training_phase_2,2,0,0,materials/images/0.png,Alpha,Beta,False,0.23359739999978046
