,training_phase_1,1,0,0,materials/images/11.png,Beta,Beta,True,35.46550609986298
,training_phase_1,1,0,1,materials/images/1.png,Alpha,Alpha,True,0.7025109000969678
,training_phase_1,1,0,2,materials/images/5.png,Alpha,Beta,False,0.8838998000137508
,training_phase_1,1,0,3,materials/images/3.png,Alpha,Alpha,True,0.7245064000599086
,training_phase_1,1,0,4,materials/images/0.png,Alpha,Alpha,True,0.09459510003216565
,training_phase_1,1,0,5,materials/images/2.png,Alpha,Beta,False,0.22145429998636246
,training_phase_1,1,0,6,materials/images/9.png,Beta,Alpha,False,0.9393456999678165
,training_phase_1,1,0,7,materials/images/10.png,Beta,Alpha,False,0.9350439000409096
,training_phase_1,1,0,8,materials/images/8.png,Beta,Beta,True,0.950875700218603
,training_phase_1,1,0,9,materials/images/7.png,Beta,Beta,True,0.8877711000386626
,training_phase_1,1,0,10,materials/images/6.png,Beta,Beta,True,0.13485479983501136
,training_phase_1,1,0,11,materials/images/4.png,Alpha,Alpha,True,1.0180317999329418
