,training_phase_1,2,0,0,materials/images/10.png,Beta,Beta,True,0.6048522000019148
,training_phase_1,2,0,1,materials/images/1.png,Alpha,Beta,False,0.0003003999991051387
,training_phase_1,2,0,2,materials/images/11.png,Beta,Beta,True,0.00042240000038873404
,training_phase_1,2,0,3,materials/images/6.png,Beta,Beta,True,0.0003269000008003786
,training_phase_1,2,0,4,materials/images/5.png,Alpha,Beta,False,0.8931692000005569
,training_phase_1,2,0,5,materials/images/2.png,Alpha,Beta,False,2.3476994000011473
,training_phase_1,2,0,6,materials/images/7.png,Beta,Beta,True,0.2191324999985227
,training_phase_1,2,0,7,materials/images/8.png,Beta,Beta,True,0.00028810000003431924
,training_phase_1,2,0,8,materials/images/3.png,Alpha,Beta,False,0.0002856999999494292
,training_phase_1,2,0,9,materials/images/9.png,Beta,Beta,True,0.09897210000053747
,training_phase_1,2,0,10,materials/images/0.png,Alpha,Alpha,True,0.9579922999982955
,training_phase_1,2,0,11,materials/images/4.png,Alpha,Alpha,True,0.39107570000123815
,test_phase,2,0,0,materials/images/7.png,Beta,Alpha,gen,0.1501140000000305
,test_phase,2,0,1,materials/images/13.png,test,Alpha,gen,0.7040182000018831
,test_phase,2,0,2,materials/images/5.png,Alpha,Alpha,gen,1.8991370000003371
,test_phase,2,0,3,materials/images/14.png,test,Alpha,gen,0.4035077000007732
,test_phase,2,0,4,materials/images/6.png,Beta,Alpha,gen,0.22590689999924507
,test_phase,2,0,5,materials/images/10.png,Beta,Alpha,gen,0.2432273999984318
,test_phase,2,0,6,materials/images/11.png,Beta,Alpha,gen,0.27560670000093523
,test_phase,2,0,7,materials/images/15.png,test,Beta,gen,0.6276026999985334
,test_phase,2,0,8,materials/images/4.png,Alpha,Alpha,gen,0.8856403999998292
,test_phase,2,0,9,materials/images/0.png,Alpha,Alpha,gen,0.00029400000130408444
,test_phase,2,0,10,materials/images/9.png,Beta,Alpha,gen,0.902351799999451
,test_phase,2,0,11,materials/images/3.png,Alpha,Alpha,gen,0.23696279999785475
,test_phase,2,0,12,materials/images/8.png,Beta,Beta,gen,0.014685099999041995
,test_phase,2,0,13,materials/images/1.png,Alpha,Alpha,gen,0.1669843999989098
,test_phase,2,0,14,materials/images/12.png,test,Alpha,gen,0.34461799999917275
,test_phase,2,0,15,materials/images/2.png,Alpha,Alpha,gen,0.15099269999700482
,training_phase_2,2,0,0,materials/images/0.png,Alpha,Alpha,True,7.093954899999517
,training_phase_2,2,0,1,materials/images/5.png,Alpha,Beta,False,1.6604741000010108
,training_phase_2,2,0,2,materials/images/3.png,Alpha,Sigma,False,0.12714059999780147
,training_phase_2,2,0,3,materials/images/25.png,Delta,Delta,True,0.664030100000673
,training_phase_2,2,0,4,materials/images/28.png,Delta,Delta,True,1.2322820000008505
,training_phase_2,2,0,5,materials/images/21.png,Sigma,Alpha,False,0.9015927000000374
,training_phase_2,2,0,6,materials/images/26.png,Delta,Delta,True,0.9031138999998802
,training_phase_2,2,0,7,materials/images/2.png,Alpha,Alpha,True,0.7060797000012826
,training_phase_2,2,0,8,materials/images/27.png,Delta,Delta,True,0.47375239999746555
,training_phase_2,2,0,9,materials/images/6.png,Beta,Sigma,False,0.5403665999983787
,training_phase_2,2,0,10,materials/images/10.png,Beta,Beta,True,2.357355500000267
,training_phase_2,2,0,11,materials/images/24.png,Delta,Delta,True,4.332954800000152
,training_phase_2,2,0,12,materials/images/18.png,Sigma,Sigma,True,4.60725359999924
