,training_phase_1,2,0,0,materials/images/10.png,Beta,Beta,True,0.00035680000110005494
,training_phase_1,2,0,1,materials/images/8.png,Beta,Beta,True,0.0002958999994007172
,training_phase_1,2,0,2,materials/images/0.png,Alpha,Beta,False,0.0002997999999934109
,training_phase_1,2,0,3,materials/images/2.png,Alpha,Beta,False,0.11060910000014701
,training_phase_1,2,0,4,materials/images/1.png,Alpha,Beta,False,0.003425299999435083
,training_phase_1,2,0,5,materials/images/11.png,Beta,Beta,True,0.09329580000121496
,training_phase_1,2,0,6,materials/images/5.png,Alpha,Beta,False,0.11631440000019211
,training_phase_1,2,0,7,materials/images/4.png,Alpha,Beta,False,0.039145799999459996
,training_phase_1,2,0,8,materials/images/9.png,Beta,Beta,True,0.08781439999984286
,training_phase_1,2,0,9,materials/images/6.png,Beta,Beta,True,0.00034869999944930896
,training_phase_1,2,0,10,materials/images/7.png,Beta,Beta,True,0.1205841999999393
,training_phase_1,2,0,11,materials/images/3.png,Alpha,Beta,False,0.06535820000135573
