fdsafas,training_phase_1,0,0,0,materials/stimuli/stim1.png,Alpha,Alpha,True,0.07694940900000802
fdsafas,training_phase_1,0,0,1,materials/stimuli/stim2.png,Beta,Beta,True,0.13379724099991108
fdsafas,training_phase_1,0,1,2,materials/stimuli/stim2.png,Beta,Alpha,False,0.0007004939999433191
fdsafas,training_phase_1,0,1,3,materials/stimuli/stim1.png,Alpha,Beta,False,1.0351817959999607
fdsafas,training_phase_1,0,2,4,materials/stimuli/stim2.png,Beta,Alpha,False,0.31290084499994464
fdsafas,training_phase_1,0,2,5,materials/stimuli/stim1.png,Alpha,Alpha,True,0.0007225360000120418
fdsafas,test_phase,0,0,0,materials/stimuli/stim1.png,Alpha,test,gen,1.452463087999945
fdsafas,test_phase,0,0,1,materials/stimuli/stim2.png,Beta,test,gen,0.0007056809999994584
