fad;slfjkdas;,training_phase_1,0,0,0,materials/stimuli/stim2.png,Beta,Beta,True,0.03834210000013627
fad;slfjkdas;,training_phase_1,0,0,1,materials/stimuli/stim1.png,Alpha,Beta,False,0.16223889599996255
fad;slfjkdas;,training_phase_1,0,1,2,materials/stimuli/stim1.png,Alpha,Beta,False,0.37613297200005036
fad;slfjkdas;,training_phase_1,0,1,3,materials/stimuli/stim2.png,Beta,Beta,True,0.4180774259998543
fad;slfjkdas;,training_phase_1,0,2,4,materials/stimuli/stim1.png,Alpha,Beta,False,0.035456135000004
fad;slfjkdas;,training_phase_1,0,2,5,materials/stimuli/stim2.png,Beta,Beta,True,0.0010227469999790628
fad;slfjkdas;,test_phase,0,0,0,materials/stimuli/stim2.png,Beta,Beta,gen,0.00125709500002813
fad;slfjkdas;,test_phase,0,0,1,materials/stimuli/stim1.png,Alpha,Beta,gen,0.4072126759999719
fad;slfjkdas;,test_phase,0,0,2,materials/stimuli/stim3.png,test,Beta,gen,0.013323360999947909
