,training_phase_1,2,0,0,materials/images/4.png,Alpha,Alpha,True,0.061780700001691
,training_phase_1,2,0,1,materials/images/6.png,Alpha,Alpha,True,0.000311100000544684
,training_phase_1,2,0,2,materials/images/7.png,Beta,Alpha,False,0.000402000001486158
,training_phase_1,2,0,3,materials/images/8.png,Beta,Alpha,False,1.5680439999996452
,training_phase_1,2,0,4,materials/images/5.png,Alpha,Alpha,True,2.059561699999904
,training_phase_1,2,0,5,materials/images/3.png,Alpha,Alpha,True,0.3704011999980139
,training_phase_1,2,0,6,materials/images/1.png,Alpha,Alpha,True,0.2647696000021824
,training_phase_1,2,0,7,materials/images/0.png,Alpha,Alpha,True,0.30399499999839463
,training_phase_1,2,0,8,materials/images/2.png,Alpha,Alpha,True,0.21512849999999162
,training_phase_1,2,0,9,materials/images/10.png,Beta,Alpha,False,0.11816279999766266
,training_phase_1,2,0,10,materials/images/9.png,Beta,Alpha,False,0.0004413999995449558
,training_phase_1,2,0,11,materials/images/11.png,Beta,Alpha,False,0.0003051000021514483
,test_phase,2,0,0,materials/images/12.png,Alpha,Alpha,gen,0.13524210000105086
,test_phase,2,0,1,materials/images/14.png,test,Alpha,gen,0.19238230000337353
