,training_phase_1,1,0,0,materials/images/1.png,Alpha,Beta,False,1.533221400110051
,training_phase_1,1,0,1,materials/images/6.png,Beta,Beta,True,0.47397870011627674
,training_phase_1,1,0,2,materials/images/5.png,Alpha,Beta,False,0.0003955999854952097
,training_phase_1,1,0,3,materials/images/3.png,Alpha,Beta,False,0.0004092000890523195
,training_phase_1,1,0,4,materials/images/10.png,Beta,Beta,True,0.09554150002077222
,training_phase_1,1,0,5,materials/images/7.png,Beta,Beta,True,0.23959070001728833
,training_phase_1,1,0,6,materials/images/0.png,Alpha,Beta,False,0.5430580000393093
,training_phase_1,1,0,7,materials/images/4.png,Alpha,Beta,False,0.07735599996522069
,training_phase_1,1,0,8,materials/images/9.png,Beta,Beta,True,0.10007739998400211
,training_phase_1,1,0,9,materials/images/11.png,Beta,Beta,True,0.1540153999812901
,training_phase_1,1,0,10,materials/images/8.png,Beta,Beta,True,0.21603009989485145
,training_phase_1,1,0,11,materials/images/2.png,Alpha,Beta,False,0.5166246998123825
,training_phase_1,1,1,12,materials/images/2.png,Alpha,Beta,False,0.06622879998758435
,training_phase_1,1,1,13,materials/images/5.png,Alpha,Beta,False,0.5499070000369102
,training_phase_1,1,1,14,materials/images/0.png,Alpha,Beta,False,0.0006951000541448593
