,training_phase_1,2,0,0,materials/images/1.png,Alpha,Alpha,True,0.7360195000001113
,training_phase_1,2,0,1,materials/images/10.png,Beta,Beta,True,1.0284035000004224
,training_phase_1,2,0,2,materials/images/6.png,Alpha,Alpha,True,0.08090830000219285
,training_phase_1,2,0,3,materials/images/4.png,Alpha,Alpha,True,0.23956880000332603
,training_phase_1,2,0,4,materials/images/2.png,Alpha,Alpha,True,0.0003001000004587695
,training_phase_1,2,0,5,materials/images/9.png,Beta,Beta,True,0.06770399999732035
,training_phase_1,2,0,6,materials/images/11.png,Beta,Beta,True,0.0004146000028413255
,training_phase_1,2,0,7,materials/images/5.png,Alpha,Alpha,True,0.2316566999979841
,training_phase_1,2,0,8,materials/images/0.png,Alpha,Alpha,True,0.0002998999989358708
,training_phase_1,2,0,9,materials/images/8.png,Beta,Alpha,False,0.1419647000002442
,training_phase_1,2,0,10,materials/images/7.png,Beta,Alpha,False,0.03381249999802094
,training_phase_1,2,0,11,materials/images/3.png,Alpha,Beta,False,0.4555833000013081
,test_phase,2,0,0,materials/images/14.png,test,Alpha,gen,0.6212494999999763
